{
    "name": "root",
    "gauges": {
        "BraccioML.Policy.Entropy.mean": {
            "value": 34.87779235839844,
            "min": 34.87779235839844,
            "max": 34.938899993896484,
            "count": 3
        },
        "BraccioML.Policy.ExtrinsicValueEstimate.mean": {
            "value": 10.156661033630371,
            "min": 2.9988136291503906,
            "max": 10.156661033630371,
            "count": 3
        },
        "BraccioML.Environment.EpisodeLength.mean": {
            "value": 499.0,
            "min": 499.0,
            "max": 499.0,
            "count": 3
        },
        "BraccioML.Environment.CumulativeReward.mean": {
            "value": 186.8783152031176,
            "min": 180.33547918483464,
            "max": 186.8783152031176,
            "count": 3
        },
        "BraccioML.Policy.ExtrinsicReward.mean": {
            "value": 186.8783152031176,
            "min": 180.33547918483464,
            "max": 186.8783152031176,
            "count": 3
        },
        "BraccioML.Losses.ValueLoss.mean": {
            "value": 17.648685455322266,
            "min": 17.648685455322266,
            "max": 22.134563446044922,
            "count": 3
        },
        "BraccioML.Losses.PolicyLoss.mean": {
            "value": 0.027736935764551163,
            "min": 0.02411981299519539,
            "max": 0.027736935764551163,
            "count": 3
        },
        "BraccioML.Policy.LearningRate.mean": {
            "value": 0.0002230176469311118,
            "min": 0.0002230176469311118,
            "max": 0.00028394043329171836,
            "count": 3
        },
        "BraccioML.Policy.Epsilon.mean": {
            "value": 0.1743392050266266,
            "min": 0.1743392050266266,
            "max": 0.19464682042598724,
            "count": 3
        },
        "BraccioML.Policy.Beta.mean": {
            "value": 0.0037195258773863316,
            "min": 0.0037195258773863316,
            "max": 0.004732875153422356,
            "count": 3
        },
        "BraccioML.IsTraining.mean": {
            "value": 1.0,
            "min": 1.0,
            "max": 1.0,
            "count": 3
        }
    },
    "metadata": {
        "timer_format_version": "0.1.0",
        "start_time_seconds": "1601125480",
        "python_version": "3.7.1 (v3.7.1:260ec2c36a, Oct 20 2018, 14:57:15) [MSC v.1915 64 bit (AMD64)]",
        "command_line_arguments": "C:\\Users\\giuse\\AppData\\Local\\Programs\\Python\\Python37\\Scripts\\mlagents-learn config/arm_config.yaml --run-id=BraccioML --force",
        "mlagents_version": "0.19.0",
        "mlagents_envs_version": "0.19.0",
        "communication_protocol_version": "1.0.0",
        "tensorflow_version": "2.3.0",
        "numpy_version": "1.19.2",
        "end_time_seconds": "1601126118"
    },
    "total": 637.8148302000001,
    "count": 1,
    "self": 0.007059500000082153,
    "children": {
        "run_training.setup": {
            "total": 0.005603599999999931,
            "count": 1,
            "self": 0.005603599999999931
        },
        "TrainerController.start_learning": {
            "total": 637.8021671,
            "count": 1,
            "self": 0.4030782000011186,
            "children": {
                "TrainerController._reset_env": {
                    "total": 13.584417299999998,
                    "count": 1,
                    "self": 13.584417299999998
                },
                "TrainerController.advance": {
                    "total": 621.6809935999988,
                    "count": 17061,
                    "self": 0.16061739999338442,
                    "children": {
                        "env_step": {
                            "total": 621.5203762000054,
                            "count": 17061,
                            "self": 599.3199272000049,
                            "children": {
                                "SubprocessEnvManager._take_step": {
                                    "total": 21.999514099999395,
                                    "count": 17061,
                                    "self": 0.3624269999993288,
                                    "children": {
                                        "TFPolicy.evaluate": {
                                            "total": 21.637087100000066,
                                            "count": 17061,
                                            "self": 21.637087100000066
                                        }
                                    }
                                },
                                "workers": {
                                    "total": 0.20093490000116176,
                                    "count": 17060,
                                    "self": 0.0,
                                    "children": {
                                        "worker_root": {
                                            "total": 626.8324521000021,
                                            "count": 17060,
                                            "is_parallel": true,
                                            "self": 49.86665900000048,
                                            "children": {
                                                "steps_from_proto": {
                                                    "total": 0.0010484999999995637,
                                                    "count": 1,
                                                    "is_parallel": true,
                                                    "self": 0.00022689999999947474,
                                                    "children": {
                                                        "_process_vector_observation": {
                                                            "total": 0.0008216000000000889,
                                                            "count": 2,
                                                            "is_parallel": true,
                                                            "self": 0.0008216000000000889
                                                        }
                                                    }
                                                },
                                                "UnityEnvironment.step": {
                                                    "total": 576.9647446000016,
                                                    "count": 17060,
                                                    "is_parallel": true,
                                                    "self": 2.99224580000066,
                                                    "children": {
                                                        "UnityEnvironment._generate_step_input": {
                                                            "total": 2.3146050000036293,
                                                            "count": 17060,
                                                            "is_parallel": true,
                                                            "self": 2.3146050000036293
                                                        },
                                                        "communicator.exchange": {
                                                            "total": 555.2190261000007,
                                                            "count": 17060,
                                                            "is_parallel": true,
                                                            "self": 555.2190261000007
                                                        },
                                                        "steps_from_proto": {
                                                            "total": 16.438867699996543,
                                                            "count": 17060,
                                                            "is_parallel": true,