{
    "name": "root",
    "metadata": {
        "timer_format_version": "0.1.0",
        "start_time_seconds": "1601212514",
        "python_version": "3.7.1 (v3.7.1:260ec2c36a, Oct 20 2018, 14:57:15) [MSC v.1915 64 bit (AMD64)]",
        "command_line_arguments": "C:\\Users\\giuse\\AppData\\Local\\Programs\\Python\\Python37\\Scripts\\mlagents-learn config/arm_config.yaml --run-id=BraccioML --force",
        "mlagents_version": "0.19.0",
        "mlagents_envs_version": "0.19.0",
        "communication_protocol_version": "1.0.0",
        "tensorflow_version": "2.3.0",
        "numpy_version": "1.19.2",
        "end_time_seconds": "1601212703"
    },
    "total": 189.54491610000002,
    "count": 1,
    "self": 0.005842000000001235,
    "children": {
        "run_training.setup": {
            "total": 0.005713999999999997,
            "count": 1,
            "self": 0.005713999999999997
        },
        "TrainerController.start_learning": {
            "total": 189.5333601,
            "count": 1,
            "self": 0.11896769999981416,
            "children": {
                "TrainerController._reset_env": {
                    "total": 11.245453000000001,
                    "count": 1,
                    "self": 11.245453000000001
                },
                "TrainerController.advance": {
                    "total": 175.9315808000002,
                    "count": 4712,
                    "self": 0.046507600000325056,
                    "children": {
                        "env_step": {
                            "total": 175.88507319999988,
                            "count": 4712,
                            "self": 168.69024199999944,
                            "children": {
                                "SubprocessEnvManager._take_step": {
                                    "total": 7.139863700000433,
                                    "count": 4712,
                                    "self": 0.1127344000007433,
                                    "children": {
                                        "TFPolicy.evaluate": {
                                            "total": 7.0271292999996895,
                                            "count": 4712,
                                            "self": 7.0271292999996895
                                        }
                                    }
                                },
                                "workers": {
                                    "total": 0.05496749999999828,
                                    "count": 4711,
                                    "self": 0.0,
                                    "children": {
                                        "worker_root": {
                                            "total": 181.09612650000005,
                                            "count": 4711,
                                            "is_parallel": true,
                                            "self": 18.401857000001144,
                                            "children": {
                                                "steps_from_proto": {
                                                    "total": 0.0009316999999997577,
                                                    "count": 1,
                                                    "is_parallel": true,
                                                    "self": 0.0002271000000000356,
                                                    "children": {
                                                        "_process_vector_observation": {
                                                            "total": 0.0007045999999997221,
                                                            "count": 2,
                                                            "is_parallel": true,
                                                            "self": 0.0007045999999997221
                                                        }
                                                    }
                                                },
                                                "UnityEnvironment.step": {
                                                    "total": 162.69333779999891,
                                                    "count": 4711,
                                                    "is_parallel": true,
                                                    "self": 0.777697000000245,
                                                    "children": {
                                                        "UnityEnvironment._generate_step_input": {
                                                            "total": 0.7052800999993707,
                                                            "count": 4711,
                                                            "is_parallel": true,
                                                            "self": 0.7052800999993707
                                                        },
                                                        "communicator.exchange": {
                                                            "total": 157.21471519999992,
                                                            "count": 4711,
                                                            "is_parallel": true,
                                                            "self": 157.21471519999992
                                                        },
                                                        "steps_from_proto": {
                                                            "total": 3.9956454999993785,
                                                            "count": 4711,
                                                            "is_parallel": true,
                                                            "self": 0.8895973999990439,
                                                            "children": {
                                                                "_process_vector_observation": {
                                                                    "total": 3.1060481000003346,
                                                                    "count": 9422,
                                                                    "is_parallel": true,
                                                                    "self": 3.1060481000003346
                                                                }
                                                            }
                                                        }
                                                    }
                                                }
                                            }
                                        }
                                    }
                                }
                            }
                        }
                    }
                },
                "trainer_threads": {
                    "total": 2.470000001153494e-05,
                    "count": 1,
                    "self": 2.470000001153494e-05,
                    "children": {
                        "thread_root": {
                            "total": 0.0,
                            "count": 0,
                            "is_parallel": true,
                            "self": 0.0,
                            "children": {
                                "trainer_advance": {
                                    "total": 175.90289300000003,
                                    "count": 10583,
                                    "is_parallel": true,
                                    "self": 0.37987719999941305,
                                    "children": {
                                        "process_trajectory": {
                                            "total": 169.5351816000006,
                                            "count": 10583,