{"cameraMode":{"drawMode":0,"name":"Shaded","section":"Shading Mode"},"sceneLighting":true,"audioPlay":false,"sceneViewState":{"showFog":true,"showMaterialUpdate":false,"showSkybox":true,"showFlares":true,"showImageEffects":true,"showParticleSystems":true,"showVisualEffectGraphs":true,"m_FxEnabled":true},"in2DMode":false,"pivot":{"x":-1.4344348907470704,"y":1.82696533203125,"z":0.7192182540893555},"rotation":{"x":0.08026990294456482,"y":-0.8991166949272156,"z":0.18600717186927796,"w":0.38800594210624697},"size":19.364120483398439,"orthographic":false}