{
    "name": "root",
    "gauges": {
        "BraccioML.Policy.Entropy.mean": {
            "value": 1.5795164108276367,
            "min": 1.5074141025543213,
            "max": 4.337485313415527,
            "count": 10
        },
        "BraccioML.Environment.EpisodeLength.mean": {
            "value": 150.25151515151515,
            "min": 134.1769436997319,
            "max": 197.601593625498,
            "count": 10
        },
        "BraccioML.Policy.ExtrinsicValueEstimate.mean": {
            "value": 151.14015197753906,
            "min": -0.24818137288093567,
            "max": 170.97959899902344,
            "count": 10
        },
        "BraccioML.Environment.CumulativeReward.mean": {
            "value": 0.36666666666666664,
            "min": 0.00398406374501992,
            "max": 0.36666666666666664,
            "count": 10
        },
        "BraccioML.Policy.ExtrinsicReward.mean": {
            "value": 0.36666666666666664,
            "min": 0.00398406374501992,
            "max": 0.36666666666666664,
            "count": 10
        },
        "BraccioML.Losses.ValueLoss.mean": {
            "value": 1496.65869140625,
            "min": 0.0011904466664418578,
            "max": 1926.5517578125,
            "count": 10
        },
        "BraccioML.Losses.PolicyLoss.mean": {
            "value": 0.022739220410585403,
            "min": 0.021314825862646103,
            "max": 0.030033428221940994,
            "count": 10
        },
        "BraccioML.Policy.LearningRate.mean": {
            "value": 1.6442494597868063e-05,
            "min": 1.6442494597868063e-05,
            "max": 0.0002845817944034934,
            "count": 10
        },
        "BraccioML.Policy.Epsilon.mean": {
            "value": 0.10548081248998642,
            "min": 0.10548081248998642,
            "max": 0.19486060738563538,
            "count": 10
        },
        "BraccioML.Policy.Beta.mean": {
            "value": 0.00028349185595288873,
            "min": 0.00028349185595288873,
            "max": 0.004743543919175863,
            "count": 10
        },
        "BraccioML.IsTraining.mean": {
            "value": 1.0,
            "min": 1.0,
            "max": 1.0,
            "count": 10
        }
    },
    "metadata": {
        "timer_format_version": "0.1.0",
        "start_time_seconds": "1602079695",
        "python_version": "3.7.1 (v3.7.1:260ec2c36a, Oct 20 2018, 14:57:15) [MSC v.1915 64 bit (AMD64)]",
        "command_line_arguments": "C:\\Users\\giuse\\AppData\\Local\\Programs\\Python\\Python37\\Scripts\\mlagents-learn config/arm_config.yaml --run-id=BraccioML --force",
        "mlagents_version": "0.19.0",
        "mlagents_envs_version": "0.19.0",
        "communication_protocol_version": "1.0.0",
        "tensorflow_version": "2.3.0",
        "numpy_version": "1.19.2",
        "end_time_seconds": "1602082135"
    },
    "total": 2439.4871831,
    "count": 1,
    "self": 0.20740000000023429,
    "children": {
        "run_training.setup": {
            "total": 0.005495200000000144,
            "count": 1,
            "self": 0.005495200000000144
        },
        "TrainerController.start_learning": {
            "total": 2439.2742878999998,
            "count": 1,
            "self": 1.3476574999590412,
            "children": {
                "TrainerController._reset_env": {
                    "total": 5.8372767,
                    "count": 1,
                    "self": 5.8372767
                },
                "TrainerController.advance": {
                    "total": 2431.759866300041,
                    "count": 58638,
                    "self": 0.5564002000292021,
                    "children": {
                        "env_step": {
                            "total": 2431.2034661000116,
                            "count": 58638,
                            "self": 2387.2501782999807,
                            "children": {
                                "SubprocessEnvManager._take_step": {
                                    "total": 43.25443399999895,
                                    "count": 58638,
                                    "self": 1.172258899983909,
                                    "children": {
                                        "TFPolicy.evaluate": {
                                            "total": 42.08217510001504,
                                            "count": 55586,
                                            "self": 42.08217510001504
                                        }
                                    }
                                },
                                "workers": {
                                    "total": 0.6988538000319338,
                                    "count": 58638,
                                    "self": 0.0,
                                    "children": {
                                        "worker_root": {
                                            "total": 2432.92073779999,
                                            "count": 58638,
                                            "is_parallel": true,
                                            "self": 108.73970470000222,
                                            "children": {
                                                "steps_from_proto": {
                                                    "total": 0.00042649999999966326,
                                                    "count": 1,
                                                    "is_parallel": true,
                                                    "self": 0.0001595999999990383,
                                                    "children": {
                                                        "_process_vector_observation": {
                                                            "total": 0.00026690000000062497,
                                                            "count": 2,
                                                            "is_parallel": true,
                                                            "self": 0.00026690000000062497
                                                        }
                                                    }
                                                },
                                                "UnityEnvironment.step": {
                                                    "total": 2324.180606599988,
                                                    "count": 58638,
                                                    "is_parallel": true,
                                                    "self": 5.506549599941991,
                                                    "children": {
                                                        "UnityEnvironment._generate_step_input": {
                                                            "total": 4.852346500026576,
                                                            "count": 58638,
                                                            "is_parallel": true,
                                                            "self": 4.852346500026576
                                                        },
                                                        "communicator.exchange": {
                                                            "total": 2293.818754400011,
                                                            "count": 58638,
                                                            "is_parallel": true,
                                                            "self": 2293.818754400011
                                                        },
                                                        "steps_from_proto": {
                                                            "total": 20.002956100008355,
                                                            "count": 58638,