{
    "name": "root",
    "gauges": {
        "BraccioML.Policy.Entropy.mean": {
            "value": 2.6367225646972656,
            "min": 2.6367225646972656,
            "max": 4.127467632293701,
            "count": 40
        },
        "BraccioML.Environment.EpisodeLength.mean": {
            "value": 71.03188405797101,
            "min": 37.17175572519084,
            "max": 87.18563922942207,
            "count": 40
        },
        "BraccioML.Policy.ExtrinsicValueEstimate.mean": {
            "value": 0.2822262644767761,
            "min": -4.396371364593506,
            "max": 6.42369270324707,
            "count": 40
        },
        "BraccioML.Environment.CumulativeReward.mean": {
            "value": 0.5094066570188133,
            "min": 0.03931203931203931,
            "max": 0.5876840696117804,
            "count": 40
        },
        "BraccioML.Policy.ExtrinsicReward.mean": {
            "value": 0.5094066570188133,
            "min": 0.03931203931203931,
            "max": 0.5876840696117804,
            "count": 40
        },
        "BraccioML.Losses.ValueLoss.mean": {
            "value": 0.025067919865250587,
            "min": 0.014295722357928753,
            "max": 91.6435775756836,
            "count": 40
        },
        "BraccioML.Losses.PolicyLoss.mean": {
            "value": 0.023362794890999794,
            "min": 0.020322609692811966,
            "max": 0.028578978031873703,
            "count": 40
        },
        "BraccioML.Policy.LearningRate.mean": {
            "value": 4.211442956147948e-06,
            "min": 4.211442956147948e-06,
            "max": 0.0002961564459837973,
            "count": 40
        },
        "BraccioML.Policy.Epsilon.mean": {
            "value": 0.10140378773212433,
            "min": 0.10140378773212433,
            "max": 0.1987188160419464,
            "count": 40
        },
        "BraccioML.Policy.Beta.mean": {
            "value": 8.00486741354689e-05,
            "min": 8.00486741354689e-05,
            "max": 0.004936068318784237,
            "count": 40
        },
        "BraccioML.IsTraining.mean": {
            "value": 1.0,
            "min": 1.0,
            "max": 1.0,
            "count": 40
        }
    },
    "metadata": {
        "timer_format_version": "0.1.0",
        "start_time_seconds": "1602658131",
        "python_version": "3.7.1 (v3.7.1:260ec2c36a, Oct 20 2018, 14:57:15) [MSC v.1915 64 bit (AMD64)]",
        "command_line_arguments": "C:\\Users\\giuse\\AppData\\Local\\Programs\\Python\\Python37\\Scripts\\mlagents-learn config/arm_config.yaml --run-id=BraccioML --force",
        "mlagents_version": "0.19.0",
        "mlagents_envs_version": "0.19.0",
        "communication_protocol_version": "1.0.0",
        "tensorflow_version": "2.3.0",
        "numpy_version": "1.19.2",
        "end_time_seconds": "1602665093"
    },
    "total": 6961.8398557,
    "count": 1,
    "self": 0.3555601999996725,
    "children": {
        "run_training.setup": {
            "total": 0.005691600000000019,
            "count": 1,
            "self": 0.005691600000000019
        },
        "TrainerController.start_learning": {
            "total": 6961.4786039,
            "count": 1,
            "self": 5.785274800105981,
            "children": {
                "TrainerController._reset_env": {
                    "total": 6.480301100000001,
                    "count": 1,
                    "self": 6.480301100000001
                },
                "TrainerController.advance": {
                    "total": 6948.8590014998945,
                    "count": 248189,
                    "self": 2.6425438998030586,
                    "children": {
                        "env_step": {
                            "total": 6946.216457600091,
                            "count": 248189,
                            "self": 6754.3616076000635,
                            "children": {
                                "SubprocessEnvManager._take_step": {
                                    "total": 188.61594710010354,
                                    "count": 248189,
                                    "self": 6.360655300354864,
                                    "children": {
                                        "TFPolicy.evaluate": {
                                            "total": 182.25529179974868,
                                            "count": 222251,
                                            "self": 182.25529179974868
                                        }
                                    }
                                },
                                "workers": {
                                    "total": 3.238902899924067,
                                    "count": 248189,
                                    "self": 0.0,
                                    "children": {
                                        "worker_root": {
                                            "total": 6949.369478700072,
                                            "count": 248189,
                                            "is_parallel": true,
                                            "self": 483.61980609996954,
                                            "children": {
                                                "steps_from_proto": {
                                                    "total": 0.0003666000000004388,
                                                    "count": 1,
                                                    "is_parallel": true,
                                                    "self": 0.00015310000000123836,
                                                    "children": {
                                                        "_process_vector_observation": {
                                                            "total": 0.00021349999999920044,
                                                            "count": 2,
                                                            "is_parallel": true,
                                                            "self": 0.00021349999999920044
                                                        }
                                                    }
                                                },
                                                "UnityEnvironment.step": {
                                                    "total": 6465.7493060001025,
                                                    "count": 248189,
                                                    "is_parallel": true,
                                                    "self": 23.027335700624462,
                                                    "children": {
                                                        "UnityEnvironment._generate_step_input": {
                                                            "total": 21.442044899745408,
                                                            "count": 248189,
                                                            "is_parallel": true,
                                                            "self": 21.442044899745408
                                                        },
                                                        "communicator.exchange": {
                                                            "total": 6346.839514100017,
                                                            "count": 248189,
                                                            "is_parallel": true,
                                                            "self": 6346.839514100017
                                                        },
                                                        "steps_from_proto": {
                                                            "total": 74.44041129971515,
                                                            "count": 248189,