{
    "name": "root",
    "metadata": {
        "timer_format_version": "0.1.0",
        "start_time_seconds": "1601890622",
        "python_version": "3.7.1 (v3.7.1:260ec2c36a, Oct 20 2018, 14:57:15) [MSC v.1915 64 bit (AMD64)]",
        "command_line_arguments": "C:\\Users\\giuse\\AppData\\Local\\Programs\\Python\\Python37\\Scripts\\mlagents-learn config/arm_config.yaml --run-id=BraccioML --force",
        "mlagents_version": "0.19.0",
        "mlagents_envs_version": "0.19.0",
        "communication_protocol_version": "1.0.0",
        "tensorflow_version": "2.3.0",
        "numpy_version": "1.19.2",
        "end_time_seconds": "1601890664"
    },
    "total": 42.9061631,
    "count": 1,
    "self": 0.008194700000004218,
    "children": {
        "run_training.setup": {
            "total": 0.005752599999999886,
            "count": 1,
            "self": 0.005752599999999886
        },
        "TrainerController.start_learning": {
            "total": 42.892215799999995,
            "count": 1,
            "self": 0.054882500000076107,
            "children": {
                "TrainerController._reset_env": {
                    "total": 16.257714999999997,
                    "count": 1,
                    "self": 16.257714999999997
                },
                "TrainerController.advance": {
                    "total": 26.102016799999916,
                    "count": 2527,
                    "self": 0.023494699999996982,
                    "children": {
                        "env_step": {
                            "total": 26.07852209999992,
                            "count": 2527,
                            "self": 24.584962699999718,
                            "children": {
                                "SubprocessEnvManager._take_step": {
                                    "total": 1.4651603000000861,
                                    "count": 2527,
                                    "self": 0.044285400000166675,
                                    "children": {
                                        "TFPolicy.evaluate": {
                                            "total": 1.4208748999999194,
                                            "count": 2527,
                                            "self": 1.4208748999999194
                                        }
                                    }
                                },
                                "workers": {
                                    "total": 0.02839910000011514,
                                    "count": 2526,
                                    "self": 0.0,
                                    "children": {
                                        "worker_root": {
                                            "total": 27.27810009999996,
                                            "count": 2526,
                                            "is_parallel": true,
                                            "self": 4.326170300000072,
                                            "children": {
                                                "steps_from_proto": {
                                                    "total": 0.0004230999999990104,
                                                    "count": 1,
                                                    "is_parallel": true,
                                                    "self": 0.00021259999999756474,
                                                    "children": {
                                                        "_process_vector_observation": {
                                                            "total": 0.00021050000000144564,
                                                            "count": 2,
                                                            "is_parallel": true,
                                                            "self": 0.00021050000000144564
                                                        }
                                                    }
                                                },
                                                "UnityEnvironment.step": {
                                                    "total": 22.95150669999989,
                                                    "count": 2526,
                                                    "is_parallel": true,
                                                    "self": 0.1468030999998753,
                                                    "children": {
                                                        "UnityEnvironment._generate_step_input": {
                                                            "total": 0.09559100000003085,
                                                            "count": 2526,
                                                            "is_parallel": true,
                                                            "self": 0.09559100000003085
                                                        },
                                                        "communicator.exchange": {
                                                            "total": 22.234217400000095,
                                                            "count": 2526,
                                                            "is_parallel": true,
                                                            "self": 22.234217400000095
                                                        },
                                                        "steps_from_proto": {
                                                            "total": 0.4748951999998887,
                                                            "count": 2526,
                                                            "is_parallel": true,
                                                            "self": 0.2623541999996277,
                                                            "children": {
                                                                "_process_vector_observation": {
                                                                    "total": 0.212541000000261,
                                                                    "count": 5052,
                                                                    "is_parallel": true,
                                                                    "self": 0.212541000000261
                                                                }
                                                            }
                                                        }
                                                    }
                                                }
                                            }
                                        }
                                    }
                                }
                            }
                        }
                    }
                },
                "trainer_threads": {
                    "total": 3.290000000077953e-05,
                    "count": 1,
                    "self": 3.290000000077953e-05,
                    "children": {
                        "thread_root": {
                            "total": 0.0,
                            "count": 0,
                            "is_parallel": true,
                            "self": 0.0,
                            "children": {
                                "trainer_advance": {
                                    "total": 26.131731700000035,
                                    "count": 1689,
                                    "is_parallel": true,
                                    "self": 0.059670700000086896,
                                    "children": {
                                        "process_trajectory": {
                                            "total": 26.072060999999948,
                                            "count": 1689,