{
    "name": "root",
    "gauges": {
        "BraccioML.Policy.Entropy.mean": {
            "value": 34.48308563232422,
            "min": 34.48308563232422,
            "max": 35.05002975463867,
            "count": 10
        },
        "BraccioML.Environment.EpisodeLength.mean": {
            "value": 141.47142857142856,
            "min": 136.50964187327824,
            "max": 316.74,
            "count": 10
        },
        "BraccioML.Policy.ExtrinsicValueEstimate.mean": {
            "value": 0.29861345887184143,
            "min": -0.4704093039035797,
            "max": 0.31521812081336975,
            "count": 10
        },
        "BraccioML.Environment.CumulativeReward.mean": {
            "value": 0.7822349570200573,
            "min": 0.5066666666666667,
            "max": 0.7914285714285715,
            "count": 10
        },
        "BraccioML.Policy.ExtrinsicReward.mean": {
            "value": 0.7822349570200573,
            "min": 0.5066666666666667,
            "max": 0.7914285714285715,
            "count": 10
        },
        "BraccioML.Losses.ValueLoss.mean": {
            "value": 0.003927556332200766,
            "min": 0.003927556332200766,
            "max": 0.03243788704276085,
            "count": 10
        },
        "BraccioML.Losses.PolicyLoss.mean": {
            "value": 0.021479878574609756,
            "min": 0.021479878574609756,
            "max": 0.025849703699350357,
            "count": 10
        },
        "BraccioML.Policy.LearningRate.mean": {
            "value": 1.6491696442244574e-05,
            "min": 1.6491696442244574e-05,
            "max": 0.0002846044662874192,
            "count": 10
        },
        "BraccioML.Policy.Epsilon.mean": {
            "value": 0.10549719631671906,
            "min": 0.10549719631671906,
            "max": 0.19486816227436066,
            "count": 10
        },
        "BraccioML.Policy.Beta.mean": {
            "value": 0.00028431028476916254,
            "min": 0.00028431028476916254,
            "max": 0.004743920639157295,
            "count": 10
        },
        "BraccioML.IsTraining.mean": {
            "value": 1.0,
            "min": 1.0,
            "max": 1.0,
            "count": 10
        }
    },
    "metadata": {
        "timer_format_version": "0.1.0",
        "start_time_seconds": "1601048980",
        "python_version": "3.7.1 (v3.7.1:260ec2c36a, Oct 20 2018, 14:57:15) [MSC v.1915 64 bit (AMD64)]",
        "command_line_arguments": "C:\\Users\\giuse\\AppData\\Local\\Programs\\Python\\Python37\\Scripts\\mlagents-learn config/arm_config.yaml --run-id=BraccioML --force",
        "mlagents_version": "0.19.0",
        "mlagents_envs_version": "0.19.0",
        "communication_protocol_version": "1.0.0",
        "tensorflow_version": "2.3.0",
        "numpy_version": "1.19.2",
        "end_time_seconds": "1601050853"
    },
    "total": 1873.9504597999999,
    "count": 1,
    "self": 0.1890154000000166,
    "children": {
        "run_training.setup": {
            "total": 0.0059522999999999104,
            "count": 1,
            "self": 0.0059522999999999104
        },
        "TrainerController.start_learning": {
            "total": 1873.7554920999999,
            "count": 1,
            "self": 1.2923132000062196,
            "children": {
                "TrainerController._reset_env": {
                    "total": 14.250420700000001,
                    "count": 1,
                    "self": 14.250420700000001
                },
                "TrainerController.advance": {
                    "total": 1856.3129421999938,
                    "count": 58211,
                    "self": 0.5512510999999449,
                    "children": {
                        "env_step": {
                            "total": 1855.7616910999939,
                            "count": 58211,
                            "self": 1787.463316099988,
                            "children": {
                                "SubprocessEnvManager._take_step": {
                                    "total": 67.6233248999937,
                                    "count": 58211,
                                    "self": 1.2741378999556616,
                                    "children": {
                                        "TFPolicy.evaluate": {
                                            "total": 66.34918700003804,
                                            "count": 55595,
                                            "self": 66.34918700003804
                                        }
                                    }
                                },
                                "workers": {
                                    "total": 0.6750501000120046,
                                    "count": 58211,
                                    "self": 0.0,
                                    "children": {
                                        "worker_root": {
                                            "total": 1861.413025699989,
                                            "count": 58211,
                                            "is_parallel": true,
                                            "self": 149.23000539995314,
                                            "children": {
                                                "steps_from_proto": {
                                                    "total": 0.0005018000000003298,
                                                    "count": 1,
                                                    "is_parallel": true,
                                                    "self": 0.0002211999999985892,
                                                    "children": {
                                                        "_process_vector_observation": {
                                                            "total": 0.00028060000000174057,
                                                            "count": 2,
                                                            "is_parallel": true,
                                                            "self": 0.00028060000000174057
                                                        }
                                                    }
                                                },
                                                "UnityEnvironment.step": {
                                                    "total": 1712.182518500036,
                                                    "count": 58211,
                                                    "is_parallel": true,
                                                    "self": 5.592917700040516,
                                                    "children": {
                                                        "UnityEnvironment._generate_step_input": {
                                                            "total": 7.720621699993821,
                                                            "count": 58211,
                                                            "is_parallel": true,
                                                            "self": 7.720621699993821
                                                        },
                                                        "communicator.exchange": {
                                                            "total": 1677.0128457999886,
                                                            "count": 58211,
                                                            "is_parallel": true,
                                                            "self": 1677.0128457999886
                                                        },
                                                        "steps_from_proto": {
                                                            "total": 21.85613330001305,
                                                            "count": 58211,