{
    "name": "root",
    "gauges": {
        "BraccioML.Policy.Entropy.mean": {
            "value": 1.9814151525497437,
            "min": 1.8224997520446777,
            "max": 1.9814151525497437,
            "count": 3
        },
        "BraccioML.Environment.EpisodeLength.mean": {
            "value": 15.207321023647554,
            "min": 11.31578947368421,
            "max": 15.207321023647554,
            "count": 3
        },
        "BraccioML.Policy.ExtrinsicValueEstimate.mean": {
            "value": 0.20700599253177643,
            "min": 0.1543290764093399,
            "max": 0.20700599253177643,
            "count": 3
        },
        "BraccioML.Environment.CumulativeReward.mean": {
            "value": 0.27187297472456257,
            "min": 0.2394736842105263,
            "max": 0.279467680608365,
            "count": 3
        },
        "BraccioML.Policy.ExtrinsicReward.mean": {
            "value": 0.27187297472456257,
            "min": 0.2394736842105263,
            "max": 0.279467680608365,
            "count": 3
        },
        "BraccioML.IsTraining.mean": {
            "value": 1.0,
            "min": 1.0,
            "max": 1.0,
            "count": 3
        },
        "BraccioML.Losses.ValueLoss.mean": {
            "value": 0.02299821749329567,
            "min": 0.02299821749329567,
            "max": 0.024138903245329857,
            "count": 2
        },
        "BraccioML.Losses.PolicyLoss.mean": {
            "value": 0.023712892085313797,
            "min": 0.023712892085313797,
            "max": 0.025584707036614418,
            "count": 2
        },
        "BraccioML.Policy.LearningRate.mean": {
            "value": 0.00022084386728238314,
            "min": 0.00022084386728238314,
            "max": 0.00022859653108753264,
            "count": 2
        },
        "BraccioML.Policy.Epsilon.mean": {
            "value": 0.17361462116241455,
            "min": 0.17361462116241455,
            "max": 0.1761988252401352,
            "count": 2
        },
        "BraccioML.Policy.Beta.mean": {
            "value": 0.003683368908241391,
            "min": 0.003683368908241391,
            "max": 0.0038123212289065123,
            "count": 2
        }
    },
    "metadata": {
        "timer_format_version": "0.1.0",
        "start_time_seconds": "1602581794",
        "python_version": "3.7.1 (v3.7.1:260ec2c36a, Oct 20 2018, 14:57:15) [MSC v.1915 64 bit (AMD64)]",
        "command_line_arguments": "C:\\Users\\giuse\\AppData\\Local\\Programs\\Python\\Python37\\Scripts\\mlagents-learn config/arm_config.yaml --run-id=BraccioML --resume",
        "mlagents_version": "0.19.0",
        "mlagents_envs_version": "0.19.0",
        "communication_protocol_version": "1.0.0",
        "tensorflow_version": "2.3.0",
        "numpy_version": "1.19.2",
        "end_time_seconds": "1602582306"
    },
    "total": 511.5340254,
    "count": 1,
    "self": 0.004347100000018145,
    "children": {
        "run_training.setup": {
            "total": 0.011444299999999963,
            "count": 1,
            "self": 0.011444299999999963
        },
        "TrainerController.start_learning": {
            "total": 511.518234,
            "count": 1,
            "self": 0.5040762000022596,
            "children": {
                "TrainerController._reset_env": {
                    "total": 7.3340609,
                    "count": 1,
                    "self": 7.3340609
                },
                "TrainerController.advance": {
                    "total": 503.2970141999978,
                    "count": 23588,
                    "self": 0.22157289999807972,
                    "children": {
                        "env_step": {
                            "total": 503.07544129999974,
                            "count": 23588,
                            "self": 489.9848813000023,
                            "children": {
                                "SubprocessEnvManager._take_step": {
                                    "total": 12.823445200000013,
                                    "count": 23588,
                                    "self": 0.481463799997945,
                                    "children": {
                                        "TFPolicy.evaluate": {
                                            "total": 12.341981400002068,
                                            "count": 15807,
                                            "self": 12.341981400002068
                                        }
                                    }
                                },
                                "workers": {
                                    "total": 0.2671147999974046,
                                    "count": 23587,
                                    "self": 0.0,
                                    "children": {
                                        "worker_root": {
                                            "total": 504.315027500002,
                                            "count": 23587,
                                            "is_parallel": true,
                                            "self": 37.82678490000012,
                                            "children": {
                                                "steps_from_proto": {
                                                    "total": 0.00037869999999973203,
                                                    "count": 1,
                                                    "is_parallel": true,
                                                    "self": 0.00015509999999974156,
                                                    "children": {
                                                        "_process_vector_observation": {
                                                            "total": 0.00022359999999999047,
                                                            "count": 2,
                                                            "is_parallel": true,
                                                            "self": 0.00022359999999999047
                                                        }
                                                    }
                                                },
                                                "UnityEnvironment.step": {
                                                    "total": 466.48786390000186,
                                                    "count": 23587,
                                                    "is_parallel": true,
                                                    "self": 2.0296689000041397,
                                                    "children": {
                                                        "UnityEnvironment._generate_step_input": {
                                                            "total": 1.6237341999980686,
                                                            "count": 23587,
                                                            "is_parallel": true,
                                                            "self": 1.6237341999980686
                                                        },
                                                        "communicator.exchange": {
                                                            "total": 456.8471221000004,
                                                            "count": 23587,
                                                            "is_parallel": true,
                                                            "self": 456.8471221000004
                                                        },
                                                        "steps_from_proto": {
                                                            "total": 5.987338699999258,
                                                            "count": 23587,